{
    " N content (%)": {
        "RandomForest": {
            "Accuracy": 0.5,
            "Precision": 0.6875,
            "Recall": 0.5,
            "F1": 0.5208333333333334,
            "ROC_AUC": 0.8222222222222223
        },
        "XGBoost": {
            "Accuracy": 0.375,
            "Precision": 0.25,
            "Recall": 0.375,
            "F1": 0.2976190476190476,
            "ROC_AUC": 0.6888888888888888
        },
        "LightGBM": {
            "Accuracy": 0.375,
            "Precision": 0.140625,
            "Recall": 0.375,
            "F1": 0.20454545454545453,
            "ROC_AUC": 0.5
        }
    },
    "P (ppm)": {
        "RandomForest": {
            "Accuracy": 0.375,
            "Precision": 0.3333333333333333,
            "Recall": 0.375,
            "F1": 0.35,
            "ROC_AUC": 0.7152777777777778
        },
        "XGBoost": {
            "Accuracy": 0.375,
            "Precision": 0.375,
            "Recall": 0.375,
            "F1": 0.375,
            "ROC_AUC": 0.6597222222222222
        },
        "LightGBM": {
            "Accuracy": 0.25,
            "Precision": 0.0625,
            "Recall": 0.25,
            "F1": 0.1,
            "ROC_AUC": 0.5
        }
    },
    "K (cmol/kg)": {
        "RandomForest": {
            "Accuracy": 0.375,
            "Precision": 0.5208333333333334,
            "Recall": 0.375,
            "F1": 0.369047619047619,
            "ROC_AUC": 0.704861111111111
        },
        "XGBoost": {
            "Accuracy": 0.5,
            "Precision": 0.9,
            "Recall": 0.5,
            "F1": 0.5625,
            "ROC_AUC": 0.9111111111111111
        },
        "LightGBM": {
            "Accuracy": 0.375,
            "Precision": 0.140625,
            "Recall": 0.375,
            "F1": 0.20454545454545453,
            "ROC_AUC": 0.5
        }
    },
    "Soil_Fertility_Score": {
        "RandomForest": {
            "MSE": 215.17649844848637,
            "R2": -0.24717769305093218
        },
        "XGBoost": {
            "MSE": 219.4027867959941,
            "R2": -0.27167354919423015
        },
        "LightGBM": {
            "MSE": 208.1023967557761,
            "R2": -0.20617571610113883
        }
    }
}