Crop,Disease,Medicine Name,Type,Dosage,Frequency,Toxicity,Target Type
Tomato,Late Blight,Mancozeb 75% WP,Fungicide,2.5g/L,7-10 Days,Moderate,Fungal
Tomato,Early Blight,Chlorothalonil 75% WP,Fungicide,2.0g/L,10 Days,Moderate,Fungal
Potato,Late Blight,Metalaxyl + Mancozeb,Fungicide,2.5g/L,7 Days,High,Fungal
Potato,Common Scab,Sulfur Dust,Fungicide,3.0g/L,15 Days,Low,Fungal
Cotton,Aphids,Imidacloprid 17.8 SL,Insecticide,0.5ml/L,15 Days,Low,Pest
Cotton,Bollworm,Spinosad 45 SC,Bio-pesticide,0.4ml/L,10 Days,Low,Pest
Rice,Blast,Tricyclazole 75 WP,Fungicide,0.6g/L,12 Days,Moderate,Fungal
Rice,Brown Spot,Edifenphos 50 EC,Fungicide,1.0ml/L,15 Days,High,Fungal
Grapes,Downy Mildew,Bordeaux Mixture,Fungicide,5.0g/L,7 Days,Moderate,Fungal
Grapes,Powdery Mildew,Azoxystrobin,Fungicide,1.0ml/L,10 Days,Low,Fungal
Maize,Stem Borer,Carbofuran 3G,Insecticide,5.0kg/acre,20 Days,High,Pest
Cucumber,Mosaic Virus,Neem Oil,Bio-pesticide,5.0ml/L,7 Days,Low,Viral
Wheat,Yellow Rust,Propiconazole 25 EC,Fungicide,1.0ml/L,14 Days,Moderate,Fungal
Chilli,Anthracnose,Captan 50% WP,Fungicide,2.0g/L,10 Days,Low,Fungal
Chilli,Thrips,Fipronil 5% SC,Insecticide,1.5ml/L,15 Days,Moderate,Pest
Mango,Powdery Mildew,Wettable Sulfur,Fungicide,3.0g/L,10 Days,Low,Fungal
Banana,Panama Wilt,Carbendazim 50 WP,Fungicide,2.0g/L,30 Days,Moderate,Fungal
Onion,Purple Blotch,Copper Oxychloride,Fungicide,3.0g/L,10 Days,Moderate,Fungal
Wheat,Leaf Rust,Propiconazole 25 EC,Fungicide,1.0ml/L,14 Days,Moderate,Fungal
Wheat,Loose Smut,Carboxin 75 WP,Fungicide,2.5g/kg seed,Seed Treatment,Low,Fungal
Wheat,Crown Root Rot,Tebuconazole 25.9 EC,Fungicide,1.5ml/L,15 Days,Moderate,Fungal
Wheat,Powdery Mildew,Triadimefon 25 WP,Fungicide,1.0g/L,15 Days,Low,Fungal
